Walmart Neighborhood Market, 1840 NW 9th St, Corvallis, OR, 97330, United States
WinCo Foods, 2335 NW Kings Blvd, Corvallis, OR, 97330, United States
Market of Choice Corvallis, 922 NW Circle Blvd STE 110, Corvallis, OR, 97330, United States
Walmart Neighborhood Market, 1840 NW 9th St, Corvallis, OR, 97330, United States
Trader Joe's, 1550 NW 9th St Ste 100, Corvallis, OR, 97330, United States
Grocery Outlet, 1755 NW 9th St #110, Corvallis, OR, 97330, United States
Safeway, 590 NE Circle Blvd, Corvallis, OR, 97330, United States
Fred Meyer, 777 NW Kings Blvd, Corvallis, OR, 97330, United States
Safeway, 5270 Philomath Blvd, Corvallis, OR, 97333, United States
University Market, 1149 NW Van Buren Ave, Corvallis, OR, 97330, United States
Safeway, 450 SW 3rd St, Corvallis, OR, 97333, United States
First Alternative Natural Foods Co-op South Store, 1007 SE 3rd St, Corvallis, OR, 97333, United States
First Alternative Co-op North Store, 2855 NW Grant Ave, Corvallis, OR, 97330, United States
Bazaar International Market, 2240 SW 3rd St, Corvallis, OR, 97333, United States
Corvallis Southside Market, 1750 SW 3rd St M, Corvallis, OR, 97333, United States
Cascadia Market, 1701 SW Western Blvd, Corvallis, OR, 97331, United States
Dari Mart, 440 SW Western Blvd, Corvallis, OR, 97333, United States
HK Asian Market, 930 NW Kings Blvd, Corvallis, OR, 97330, United States
Walmart Neighborhood Market, 1840 NW 9th St, Corvallis, OR, 97330, United States
Rice 'n' Spice Oriental Foods, 1075 NW Van Buren Ave, Corvallis, OR, 97330, United States
ExtraMile by Jacksons, 1334 NW 9th St, Corvallis, OR, 97330, United States
D's Market, 420 SW Jefferson Ave, Corvallis, OR, 97333, United States
Desi Roots & Spices, 919 NW Circle Blvd D, Corvallis, OR, 97330, United States
Corvallis Market Center, 1550-1580 NW 9th St, Corvallis, OR, 97330, United States
La Fuente., 1355 NW 9th St, Corvallis, OR, 97330, United States